{
    "activeEditTime": 109374.4296875,
    "unfocussedEditTime": 191085.109375,
    "playmodeTime": 63841.53125,
    "inactiveTime": 129755.640625
}