{
    "activeEditTime": 45012.77734375,
    "unfocussedEditTime": 56921.9609375,
    "playmodeTime": 22980.83984375,
    "inactiveTime": 51350.93359375
}