{
    "activeEditTime": 28611.177734375,
    "unfocussedEditTime": 24676.580078125,
    "playmodeTime": 16008.953125,
    "inactiveTime": 26439.755859375
}