{
    "activeEditTime": 24065.65234375,
    "unfocussedEditTime": 14572.96484375,
    "playmodeTime": 12200.453125,
    "inactiveTime": 15356.083984375
}