{
    "activeEditTime": 58150.21875,
    "unfocussedEditTime": 97739.2890625,
    "playmodeTime": 32883.4921875,
    "inactiveTime": 78051.171875
}