{
    "activeEditTime": 960.4034423828125,
    "unfocussedEditTime": 2388.897705078125,
    "playmodeTime": 1161.380615234375,
    "inactiveTime": 0.0
}