{
    "activeEditTime": 55024.54296875,
    "unfocussedEditTime": 90970.2265625,
    "playmodeTime": 29244.40625,
    "inactiveTime": 74790.6015625
}