{
    "activeEditTime": 17847.005859375,
    "unfocussedEditTime": 10246.3291015625,
    "playmodeTime": 8744.857421875,
    "inactiveTime": 7468.28271484375
}