{
    "activeEditTime": 108276.1484375,
    "unfocussedEditTime": 189741.171875,
    "playmodeTime": 62527.84765625,
    "inactiveTime": 129374.828125
}