{
    "activeEditTime": 36126.08984375,
    "unfocussedEditTime": 40836.765625,
    "playmodeTime": 21321.328125,
    "inactiveTime": 33443.46875
}