{
    "activeEditTime": 105335.53125,
    "unfocussedEditTime": 188137.515625,
    "playmodeTime": 60967.890625,
    "inactiveTime": 129225.6875
}