{
    "activeEditTime": 90634.78125,
    "unfocussedEditTime": 150717.25,
    "playmodeTime": 51234.76171875,
    "inactiveTime": 113729.734375
}