{
    "activeEditTime": 91706.40625,
    "unfocussedEditTime": 151042.421875,
    "playmodeTime": 51465.81640625,
    "inactiveTime": 113729.734375
}