{
    "activeEditTime": 98010.703125,
    "unfocussedEditTime": 159333.0,
    "playmodeTime": 55095.54296875,
    "inactiveTime": 121641.703125
}