{
    "activeEditTime": 12228.76171875,
    "unfocussedEditTime": 8326.3447265625,
    "playmodeTime": 4194.2080078125,
    "inactiveTime": 6669.44140625
}