{
    "activeEditTime": 50337.3671875,
    "unfocussedEditTime": 78227.390625,
    "playmodeTime": 26160.46484375,
    "inactiveTime": 66647.765625
}