{
    "activeEditTime": 66335.7578125,
    "unfocussedEditTime": 103489.8515625,
    "playmodeTime": 36540.21484375,
    "inactiveTime": 81820.4453125
}