{
    "activeEditTime": 61628.796875,
    "unfocussedEditTime": 102503.0390625,
    "playmodeTime": 33956.10546875,
    "inactiveTime": 80526.328125
}