{
    "activeEditTime": 72223.3671875,
    "unfocussedEditTime": 110780.140625,
    "playmodeTime": 39516.78125,
    "inactiveTime": 92935.609375
}