{
    "activeEditTime": 53608.69140625,
    "unfocussedEditTime": 89748.9921875,
    "playmodeTime": 28293.46875,
    "inactiveTime": 73419.3046875
}