{
    "activeEditTime": 81291.9453125,
    "unfocussedEditTime": 124890.640625,
    "playmodeTime": 43526.6015625,
    "inactiveTime": 107876.3984375
}