{
    "activeEditTime": 84185.4140625,
    "unfocussedEditTime": 134916.546875,
    "playmodeTime": 47988.76171875,
    "inactiveTime": 112971.546875
}