{
    "activeEditTime": 101210.921875,
    "unfocussedEditTime": 171183.859375,
    "playmodeTime": 56485.33984375,
    "inactiveTime": 127697.96875
}