{
    "activeEditTime": 10280.8603515625,
    "unfocussedEditTime": 8041.720703125,
    "playmodeTime": 3158.3857421875,
    "inactiveTime": 4802.17822265625
}