{
    "activeEditTime": 25350.3203125,
    "unfocussedEditTime": 16202.158203125,
    "playmodeTime": 13040.333984375,
    "inactiveTime": 15685.740234375
}