{
    "activeEditTime": 80129.2734375,
    "unfocussedEditTime": 121966.0,
    "playmodeTime": 42601.7578125,
    "inactiveTime": 106307.953125
}