{
    "activeEditTime": 94039.0703125,
    "unfocussedEditTime": 152428.390625,
    "playmodeTime": 52096.16015625,
    "inactiveTime": 117567.9765625
}