{
    "activeEditTime": 46194.93359375,
    "unfocussedEditTime": 58939.80078125,
    "playmodeTime": 23343.1875,
    "inactiveTime": 54522.8046875
}