{
    "activeEditTime": 17986.6328125,
    "unfocussedEditTime": 10436.55078125,
    "playmodeTime": 9148.72265625,
    "inactiveTime": 7468.28271484375
}