{
    "activeEditTime": 78517.796875,
    "unfocussedEditTime": 119800.1640625,
    "playmodeTime": 41918.34375,
    "inactiveTime": 104900.578125
}