{
    "activeEditTime": 88569.46875,
    "unfocussedEditTime": 145339.34375,
    "playmodeTime": 50311.70703125,
    "inactiveTime": 113729.734375
}