{
    "activeEditTime": 34385.16796875,
    "unfocussedEditTime": 31475.412109375,
    "playmodeTime": 20241.06640625,
    "inactiveTime": 29311.146484375
}