{
    "activeEditTime": 88712.375,
    "unfocussedEditTime": 147079.484375,
    "playmodeTime": 50425.95703125,
    "inactiveTime": 113729.734375
}