{
    "activeEditTime": 48034.625,
    "unfocussedEditTime": 65708.59375,
    "playmodeTime": 23878.392578125,
    "inactiveTime": 57915.09375
}