{
    "activeEditTime": 89939.7421875,
    "unfocussedEditTime": 149927.140625,
    "playmodeTime": 50900.19921875,
    "inactiveTime": 113729.734375
}