{
    "activeEditTime": 68254.640625,
    "unfocussedEditTime": 107512.9921875,
    "playmodeTime": 37710.08203125,
    "inactiveTime": 81841.03125
}