{
    "activeEditTime": 88744.25,
    "unfocussedEditTime": 147323.140625,
    "playmodeTime": 50425.95703125,
    "inactiveTime": 113729.734375
}