{
    "activeEditTime": 38797.32421875,
    "unfocussedEditTime": 47691.7890625,
    "playmodeTime": 22071.494140625,
    "inactiveTime": 46067.36328125
}