{
    "activeEditTime": 98860.1015625,
    "unfocussedEditTime": 164168.546875,
    "playmodeTime": 55562.671875,
    "inactiveTime": 123788.0703125
}