{
    "activeEditTime": 68765.921875,
    "unfocussedEditTime": 109380.5546875,
    "playmodeTime": 37913.6796875,
    "inactiveTime": 82485.453125
}