{
    "activeEditTime": 62609.69921875,
    "unfocussedEditTime": 103073.625,
    "playmodeTime": 34308.6171875,
    "inactiveTime": 81302.5859375
}