{
    "activeEditTime": 68367.8984375,
    "unfocussedEditTime": 108066.7890625,
    "playmodeTime": 37753.5234375,
    "inactiveTime": 81841.03125
}