{
    "activeEditTime": 65910.4140625,
    "unfocussedEditTime": 103340.953125,
    "playmodeTime": 35648.765625,
    "inactiveTime": 81302.5859375
}