{
    "activeEditTime": 19227.794921875,
    "unfocussedEditTime": 11559.0390625,
    "playmodeTime": 10709.0810546875,
    "inactiveTime": 7468.28271484375
}