{
    "activeEditTime": 96367.078125,
    "unfocussedEditTime": 155723.765625,
    "playmodeTime": 53460.9765625,
    "inactiveTime": 119391.296875
}