{
    "activeEditTime": 88622.921875,
    "unfocussedEditTime": 145992.140625,
    "playmodeTime": 50340.6875,
    "inactiveTime": 113729.734375
}