{
    "activeEditTime": 68858.171875,
    "unfocussedEditTime": 110092.40625,
    "playmodeTime": 38805.3359375,
    "inactiveTime": 82485.453125
}