{
    "activeEditTime": 89124.296875,
    "unfocussedEditTime": 143232.328125,
    "playmodeTime": 50929.02734375,
    "inactiveTime": 120842.4609375
}