{
    "activeEditTime": 24065.65234375,
    "unfocussedEditTime": 14572.96484375,
    "playmodeTime": 12200.453125,
    "inactiveTime": 15356.083984375
}{
    "activeEditTime": 19227.794921875,
    "unfocussedEditTime": 11559.0390625,
    "playmodeTime": 10709.0810546875,
    "inactiveTime": 7468.28271484375
}