{
    "activeEditTime": 84663.7578125,
    "unfocussedEditTime": 136730.609375,
    "playmodeTime": 48738.45703125,
    "inactiveTime": 112971.546875
}