{
    "activeEditTime": 10176.2333984375,
    "unfocussedEditTime": 7995.888671875,
    "playmodeTime": 2794.599609375,
    "inactiveTime": 4782.1865234375
}