{
    "activeEditTime": 27600.1171875,
    "unfocussedEditTime": 22369.9140625,
    "playmodeTime": 14394.240234375,
    "inactiveTime": 20429.015625
}