{
    "activeEditTime": 66942.125,
    "unfocussedEditTime": 104515.6875,
    "playmodeTime": 36950.95703125,
    "inactiveTime": 81841.03125
}