{
    "activeEditTime": 46982.08203125,
    "unfocussedEditTime": 60983.8828125,
    "playmodeTime": 23618.244140625,
    "inactiveTime": 54522.8046875
}