{
    "activeEditTime": 30763.990234375,
    "unfocussedEditTime": 25334.4140625,
    "playmodeTime": 17546.4921875,
    "inactiveTime": 27240.98828125
}