{
    "activeEditTime": 55706.17578125,
    "unfocussedEditTime": 92132.578125,
    "playmodeTime": 30535.115234375,
    "inactiveTime": 74790.6015625
}