{
    "activeEditTime": 15671.1025390625,
    "unfocussedEditTime": 9131.9677734375,
    "playmodeTime": 5811.7607421875,
    "inactiveTime": 7292.31201171875
}