{
    "activeEditTime": 31507.107421875,
    "unfocussedEditTime": 26965.9609375,
    "playmodeTime": 19217.3828125,
    "inactiveTime": 27256.326171875
}