{
    "activeEditTime": 48652.41796875,
    "unfocussedEditTime": 70689.6328125,
    "playmodeTime": 24488.8984375,
    "inactiveTime": 62780.5390625
}