{
    "activeEditTime": 59538.3984375,
    "unfocussedEditTime": 98517.515625,
    "playmodeTime": 33610.96484375,
    "inactiveTime": 80465.4140625
}