{
    "activeEditTime": 91693.375,
    "unfocussedEditTime": 150974.15625,
    "playmodeTime": 51356.0625,
    "inactiveTime": 113729.734375
}