{
    "activeEditTime": 30827.9921875,
    "unfocussedEditTime": 25356.048828125,
    "playmodeTime": 17762.912109375,
    "inactiveTime": 27240.98828125
}