{
    "activeEditTime": 107724.3359375,
    "unfocussedEditTime": 189376.640625,
    "playmodeTime": 62256.94921875,
    "inactiveTime": 129374.828125
}