{
    "activeEditTime": 39249.26171875,
    "unfocussedEditTime": 52087.48828125,
    "playmodeTime": 22255.033203125,
    "inactiveTime": 47114.5390625
}