{
    "activeEditTime": 58220.4140625,
    "unfocussedEditTime": 98122.640625,
    "playmodeTime": 33033.30859375,
    "inactiveTime": 78115.0546875
}