{
    "activeEditTime": 95782.9765625,
    "unfocussedEditTime": 153504.453125,
    "playmodeTime": 52545.1640625,
    "inactiveTime": 119391.296875
}