{
    "activeEditTime": 97875.984375,
    "unfocussedEditTime": 159134.921875,
    "playmodeTime": 54554.6640625,
    "inactiveTime": 121184.3203125
}