{
    "activeEditTime": 50317.98828125,
    "unfocussedEditTime": 78227.390625,
    "playmodeTime": 26109.287109375,
    "inactiveTime": 66647.765625
}