{
    "activeEditTime": 73101.2734375,
    "unfocussedEditTime": 78894.3046875,
    "playmodeTime": 36457.6875,
    "inactiveTime": 27617.798828125
}