{
    "activeEditTime": 67219.0390625,
    "unfocussedEditTime": 76209.5390625,
    "playmodeTime": 35500.69921875,
    "inactiveTime": 27302.458984375
}