{
    "activeEditTime": 34175.21875,
    "unfocussedEditTime": 39359.12890625,
    "playmodeTime": 511.44158935546877,
    "inactiveTime": 15009.955078125
}