{
    "activeEditTime": 28843.234375,
    "unfocussedEditTime": 25294.251953125,
    "playmodeTime": 396.223388671875,
    "inactiveTime": 14624.607421875
}