{
    "activeEditTime": 27462.904296875,
    "unfocussedEditTime": 36828.37109375,
    "playmodeTime": 14044.814453125,
    "inactiveTime": 8862.6162109375
}