{
    "activeEditTime": 73418.046875,
    "unfocussedEditTime": 79485.296875,
    "playmodeTime": 36635.61328125,
    "inactiveTime": 27617.798828125
}