{
    "activeEditTime": 88881.3984375,
    "unfocussedEditTime": 93384.03125,
    "playmodeTime": 44856.99609375,
    "inactiveTime": 28624.396484375
}