{
    "activeEditTime": 89323.0859375,
    "unfocussedEditTime": 93452.734375,
    "playmodeTime": 45234.7109375,
    "inactiveTime": 28624.396484375
}