{
    "activeEditTime": 36771.109375,
    "unfocussedEditTime": 50280.8046875,
    "playmodeTime": 21269.408203125,
    "inactiveTime": 12650.5458984375
}