{
    "activeEditTime": 91674.703125,
    "unfocussedEditTime": 94530.4609375,
    "playmodeTime": 45858.83984375,
    "inactiveTime": 29741.52734375
}