{
    "activeEditTime": 96799.7421875,
    "unfocussedEditTime": 100836.8828125,
    "playmodeTime": 49673.88671875,
    "inactiveTime": 30829.568359375
}