{
    "activeEditTime": 92542.4296875,
    "unfocussedEditTime": 95502.7734375,
    "playmodeTime": 46362.43359375,
    "inactiveTime": 29741.52734375
}