{
    "activeEditTime": 2981.1494140625,
    "unfocussedEditTime": 3552.027587890625,
    "playmodeTime": 178.30520629882813,
    "inactiveTime": 0.0
}