{
    "activeEditTime": 85063.203125,
    "unfocussedEditTime": 90735.734375,
    "playmodeTime": 41823.09765625,
    "inactiveTime": 28312.7578125
}