{
    "activeEditTime": 77493.4375,
    "unfocussedEditTime": 80208.5,
    "playmodeTime": 37728.73046875,
    "inactiveTime": 27871.33203125
}