{
    "activeEditTime": 24641.666015625,
    "unfocussedEditTime": 21552.2578125,
    "playmodeTime": 8785.5751953125,
    "inactiveTime": 6534.498046875
}