{
    "activeEditTime": 37.24758529663086,
    "unfocussedEditTime": 29.013866424560548,
    "playmodeTime": 0.0,
    "inactiveTime": 0.0
}