{
    "activeEditTime": 10118.337890625,
    "unfocussedEditTime": 9787.9794921875,
    "playmodeTime": 2878.37060546875,
    "inactiveTime": 2334.130859375
}