{
    "activeEditTime": 26342.044921875,
    "unfocussedEditTime": 22957.462890625,
    "playmodeTime": 9649.44921875,
    "inactiveTime": 7996.24267578125
}