{
    "activeEditTime": 67435.203125,
    "unfocussedEditTime": 76440.0703125,
    "playmodeTime": 35500.69921875,
    "inactiveTime": 27302.458984375
}