{
    "activeEditTime": 41799.6875,
    "unfocussedEditTime": 60488.375,
    "playmodeTime": 23178.408203125,
    "inactiveTime": 13878.2099609375
}