{
    "activeEditTime": 31583.14453125,
    "unfocussedEditTime": 33198.984375,
    "playmodeTime": 511.44158935546877,
    "inactiveTime": 14691.1298828125
}