{
    "activeEditTime": 4476.96630859375,
    "unfocussedEditTime": 4099.0361328125,
    "playmodeTime": 921.403564453125,
    "inactiveTime": 183.99388122558595
}