{
    "activeEditTime": 15376.1748046875,
    "unfocussedEditTime": 18540.724609375,
    "playmodeTime": 8158.69091796875,
    "inactiveTime": 5794.16455078125
}