{
    "activeEditTime": 4094.7353515625,
    "unfocussedEditTime": 7521.2001953125,
    "playmodeTime": 218.6045684814453,
    "inactiveTime": 4121.5390625
}