{
    "activeEditTime": 6518.3525390625,
    "unfocussedEditTime": 10436.6650390625,
    "playmodeTime": 218.6045684814453,
    "inactiveTime": 4414.6796875
}