{
    "activeEditTime": 39937.1640625,
    "unfocussedEditTime": 55397.35546875,
    "playmodeTime": 22888.921875,
    "inactiveTime": 13403.861328125
}