{
    "activeEditTime": 5847.01611328125,
    "unfocussedEditTime": 10159.546875,
    "playmodeTime": 218.6045684814453,
    "inactiveTime": 4414.6796875
}