{
    "activeEditTime": 12779.7353515625,
    "unfocussedEditTime": 14250.5498046875,
    "playmodeTime": 7467.65478515625,
    "inactiveTime": 2636.7607421875
}