{
    "activeEditTime": 34608.48828125,
    "unfocussedEditTime": 45874.3046875,
    "playmodeTime": 511.44158935546877,
    "inactiveTime": 15009.955078125
}