{
    "activeEditTime": 94552.0546875,
    "unfocussedEditTime": 96617.359375,
    "playmodeTime": 46541.22265625,
    "inactiveTime": 30829.568359375
}