{
    "activeEditTime": 85063.203125,
    "unfocussedEditTime": 90735.734375,
    "playmodeTime": 41659.60546875,
    "inactiveTime": 28312.7578125
}