{
    "activeEditTime": 44210.328125,
    "unfocussedEditTime": 65735.578125,
    "playmodeTime": 30699.861328125,
    "inactiveTime": 14314.873046875
}