{
    "activeEditTime": 39004.59375,
    "unfocussedEditTime": 54208.6171875,
    "playmodeTime": 22570.123046875,
    "inactiveTime": 12970.3759765625
}