{
    "activeEditTime": 24740.216796875,
    "unfocussedEditTime": 35894.328125,
    "playmodeTime": 13573.623046875,
    "inactiveTime": 8506.30078125
}