{
    "activeEditTime": 85088.6015625,
    "unfocussedEditTime": 90854.4921875,
    "playmodeTime": 41823.09765625,
    "inactiveTime": 28312.7578125
}