{
    "activeEditTime": 97100.0703125,
    "unfocussedEditTime": 101579.5859375,
    "playmodeTime": 50040.9921875,
    "inactiveTime": 30829.568359375
}