{
    "activeEditTime": 12262.0712890625,
    "unfocussedEditTime": 12052.6025390625,
    "playmodeTime": 6819.4599609375,
    "inactiveTime": 2451.390380859375
}