{
    "activeEditTime": 5488.93359375,
    "unfocussedEditTime": 9373.359375,
    "playmodeTime": 218.6045684814453,
    "inactiveTime": 4414.6796875
}