{
    "activeEditTime": 6513.7568359375,
    "unfocussedEditTime": 10414.4951171875,
    "playmodeTime": 218.6045684814453,
    "inactiveTime": 4414.6796875
}