{
    "activeEditTime": 3177.484375,
    "unfocussedEditTime": 3868.971435546875,
    "playmodeTime": 178.30520629882813,
    "inactiveTime": 0.0
}