{
    "activeEditTime": 77811.8515625,
    "unfocussedEditTime": 80892.96875,
    "playmodeTime": 37742.2265625,
    "inactiveTime": 27882.931640625
}