{
    "activeEditTime": 22824.001953125,
    "unfocussedEditTime": 20494.796875,
    "playmodeTime": 8490.46484375,
    "inactiveTime": 6145.23681640625
}