{
    "activeEditTime": 51.84734344482422,
    "unfocussedEditTime": 98.81236267089844,
    "playmodeTime": 0.0,
    "inactiveTime": 0.0
}