{
    "activeEditTime": 17694.408203125,
    "unfocussedEditTime": 15014.4404296875,
    "playmodeTime": 8090.2158203125,
    "inactiveTime": 4228.00146484375
}