{
    "activeEditTime": 96989.7265625,
    "unfocussedEditTime": 101452.0703125,
    "playmodeTime": 49913.9921875,
    "inactiveTime": 30829.568359375
}