{
    "activeEditTime": 24837.876953125,
    "unfocussedEditTime": 21922.810546875,
    "playmodeTime": 8825.1865234375,
    "inactiveTime": 7375.02783203125
}