{
    "activeEditTime": 18380.58203125,
    "unfocussedEditTime": 18968.50390625,
    "playmodeTime": 8355.35546875,
    "inactiveTime": 5823.09619140625
}