{
    "activeEditTime": 3080.5029296875,
    "unfocussedEditTime": 3572.212890625,
    "playmodeTime": 178.30520629882813,
    "inactiveTime": 0.0
}