{
    "activeEditTime": 93767.21875,
    "unfocussedEditTime": 96286.5625,
    "playmodeTime": 46541.22265625,
    "inactiveTime": 30464.435546875
}