{
    "activeEditTime": 5635.314453125,
    "unfocussedEditTime": 9642.2626953125,
    "playmodeTime": 218.6045684814453,
    "inactiveTime": 4414.6796875
}