{
    "activeEditTime": 2189.189453125,
    "unfocussedEditTime": 967.8294067382813,
    "playmodeTime": 480.60260009765627,
    "inactiveTime": 0.0
}