{
    "activeEditTime": 28412.708984375,
    "unfocussedEditTime": 37448.86328125,
    "playmodeTime": 14914.3798828125,
    "inactiveTime": 10403.83203125
}