{
    "activeEditTime": 93698.390625,
    "unfocussedEditTime": 96087.390625,
    "playmodeTime": 46498.8515625,
    "inactiveTime": 30130.451171875
}