{
    "activeEditTime": 864.2824096679688,
    "unfocussedEditTime": 1567.5963134765625,
    "playmodeTime": 178.30520629882813,
    "inactiveTime": 0.0
}