{
    "activeEditTime": 98463.5078125,
    "unfocussedEditTime": 103677.296875,
    "playmodeTime": 50455.50390625,
    "inactiveTime": 31711.810546875
}