{
    "activeEditTime": 84871.46875,
    "unfocussedEditTime": 90398.0703125,
    "playmodeTime": 40720.01171875,
    "inactiveTime": 28312.7578125
}