{
    "activeEditTime": 28904.56640625,
    "unfocussedEditTime": 25706.888671875,
    "playmodeTime": 396.223388671875,
    "inactiveTime": 14624.607421875
}