{
    "activeEditTime": 80800.1875,
    "unfocussedEditTime": 84983.859375,
    "playmodeTime": 39234.046875,
    "inactiveTime": 27929.4375
}