{
    "activeEditTime": 74079.8046875,
    "unfocussedEditTime": 79939.7890625,
    "playmodeTime": 37349.51171875,
    "inactiveTime": 27617.798828125
}