{
    "activeEditTime": 95442.90625,
    "unfocussedEditTime": 97618.3046875,
    "playmodeTime": 46832.109375,
    "inactiveTime": 30829.568359375
}