{
    "activeEditTime": 29212.873046875,
    "unfocussedEditTime": 28792.6875,
    "playmodeTime": 396.223388671875,
    "inactiveTime": 14691.1298828125
}