{
    "activeEditTime": 88486.4140625,
    "unfocussedEditTime": 93293.2890625,
    "playmodeTime": 44370.87890625,
    "inactiveTime": 28624.396484375
}