{
    "activeEditTime": 713.7350463867188,
    "unfocussedEditTime": 1439.4945068359375,
    "playmodeTime": 178.30520629882813,
    "inactiveTime": 0.0
}