{
    "activeEditTime": 96180.125,
    "unfocussedEditTime": 99845.5859375,
    "playmodeTime": 48916.73828125,
    "inactiveTime": 30829.568359375
}