{
    "activeEditTime": 2618.803955078125,
    "unfocussedEditTime": 1208.5594482421875,
    "playmodeTime": 699.4801635742188,
    "inactiveTime": 0.0
}