{
    "activeEditTime": 96292.234375,
    "unfocussedEditTime": 99997.109375,
    "playmodeTime": 49012.15234375,
    "inactiveTime": 30829.568359375
}