{
    "activeEditTime": 87979.203125,
    "unfocussedEditTime": 92308.5703125,
    "playmodeTime": 44050.49609375,
    "inactiveTime": 28624.396484375
}