{
    "activeEditTime": 5277.9833984375,
    "unfocussedEditTime": 9142.4541015625,
    "playmodeTime": 218.6045684814453,
    "inactiveTime": 4414.6796875
}