{
    "activeEditTime": 29963.53125,
    "unfocussedEditTime": 38435.3984375,
    "playmodeTime": 15295.1923828125,
    "inactiveTime": 10403.83203125
}