{
    "activeEditTime": 19492.7890625,
    "unfocussedEditTime": 17868.24609375,
    "playmodeTime": 8486.37890625,
    "inactiveTime": 7972.916015625
}