{
    "activeEditTime": 77942.703125,
    "unfocussedEditTime": 81104.6015625,
    "playmodeTime": 37814.0859375,
    "inactiveTime": 27882.931640625
}