{
    "activeEditTime": 34455.5859375,
    "unfocussedEditTime": 45561.609375,
    "playmodeTime": 511.44158935546877,
    "inactiveTime": 15009.955078125
}