{
    "activeEditTime": 37551.6875,
    "unfocussedEditTime": 50519.27734375,
    "playmodeTime": 21762.181640625,
    "inactiveTime": 12785.78515625
}