{
    "activeEditTime": 85841.984375,
    "unfocussedEditTime": 91386.6875,
    "playmodeTime": 42851.83984375,
    "inactiveTime": 28624.396484375
}