{
    "activeEditTime": 12632.615234375,
    "unfocussedEditTime": 12554.7138671875,
    "playmodeTime": 6830.08203125,
    "inactiveTime": 2831.650146484375
}