{
    "activeEditTime": 80837.8984375,
    "unfocussedEditTime": 85283.421875,
    "playmodeTime": 39234.046875,
    "inactiveTime": 27929.4375
}