{
    "activeEditTime": 96633.9609375,
    "unfocussedEditTime": 100553.6015625,
    "playmodeTime": 49029.6171875,
    "inactiveTime": 30829.568359375
}