{
    "activeEditTime": 13967.201171875,
    "unfocussedEditTime": 13419.8740234375,
    "playmodeTime": 7689.47900390625,
    "inactiveTime": 3427.96923828125
}