{
    "activeEditTime": 85172.84375,
    "unfocussedEditTime": 91148.6796875,
    "playmodeTime": 42823.734375,
    "inactiveTime": 28312.7578125
}