{
    "activeEditTime": 81429.6484375,
    "unfocussedEditTime": 86709.7265625,
    "playmodeTime": 39491.86328125,
    "inactiveTime": 28269.875
}