{
    "activeEditTime": 38918.734375,
    "unfocussedEditTime": 53183.2578125,
    "playmodeTime": 22195.810546875,
    "inactiveTime": 12970.3759765625
}