{
    "activeEditTime": 5721.7412109375,
    "unfocussedEditTime": 9651.822265625,
    "playmodeTime": 218.6045684814453,
    "inactiveTime": 4414.6796875
}