{
    "activeEditTime": 78499.203125,
    "unfocussedEditTime": 81617.0234375,
    "playmodeTime": 38267.25390625,
    "inactiveTime": 27882.931640625
}