{
    "activeEditTime": 78658.90625,
    "unfocussedEditTime": 82332.3359375,
    "playmodeTime": 40023.8046875,
    "inactiveTime": 27882.931640625
}