{
    "activeEditTime": 64282.328125,
    "unfocussedEditTime": 74632.0703125,
    "playmodeTime": 34035.58203125,
    "inactiveTime": 19012.255859375
}