{
    "activeEditTime": 96830.28125,
    "unfocussedEditTime": 101180.375,
    "playmodeTime": 49883.015625,
    "inactiveTime": 30829.568359375
}