{
    "activeEditTime": 34328.90234375,
    "unfocussedEditTime": 43301.34375,
    "playmodeTime": 511.44158935546877,
    "inactiveTime": 15009.955078125
}