{
    "activeEditTime": 11122.5869140625,
    "unfocussedEditTime": 11300.7734375,
    "playmodeTime": 5131.6572265625,
    "inactiveTime": 2448.36474609375
}