{
    "activeEditTime": 57088.7734375,
    "unfocussedEditTime": 71243.375,
    "playmodeTime": 31922.71484375,
    "inactiveTime": 17720.658203125
}