{
    "activeEditTime": 31532.41015625,
    "unfocussedEditTime": 31666.994140625,
    "playmodeTime": 396.223388671875,
    "inactiveTime": 14691.1298828125
}