{
    "activeEditTime": 2718.75244140625,
    "unfocussedEditTime": 1237.729248046875,
    "playmodeTime": 834.1083984375,
    "inactiveTime": 0.0
}