{
    "activeEditTime": 3582.08544921875,
    "unfocussedEditTime": 3922.302734375,
    "playmodeTime": 218.6045684814453,
    "inactiveTime": 0.0
}