{
    "activeEditTime": 34250.1484375,
    "unfocussedEditTime": 43195.30859375,
    "playmodeTime": 511.44158935546877,
    "inactiveTime": 15009.955078125
}