{
    "activeEditTime": 52347.01171875,
    "unfocussedEditTime": 70585.046875,
    "playmodeTime": 31725.59765625,
    "inactiveTime": 16273.6728515625
}