{
    "activeEditTime": 45833.25,
    "unfocussedEditTime": 68380.4609375,
    "playmodeTime": 31204.9453125,
    "inactiveTime": 14375.7333984375
}