{
    "activeEditTime": 67351.796875,
    "unfocussedEditTime": 76376.78125,
    "playmodeTime": 35500.69921875,
    "inactiveTime": 27302.458984375
}