{
    "activeEditTime": 94557.0859375,
    "unfocussedEditTime": 96711.8671875,
    "playmodeTime": 46576.92578125,
    "inactiveTime": 30829.568359375
}