{
    "activeEditTime": 5267.5810546875,
    "unfocussedEditTime": 9035.375,
    "playmodeTime": 218.6045684814453,
    "inactiveTime": 4414.6796875
}