{
    "activeEditTime": 11222.51171875,
    "unfocussedEditTime": 11479.87890625,
    "playmodeTime": 6609.29345703125,
    "inactiveTime": 2448.36474609375
}