{
    "activeEditTime": 96487.3359375,
    "unfocussedEditTime": 100336.3984375,
    "playmodeTime": 49021.87109375,
    "inactiveTime": 30829.568359375
}