{
    "activeEditTime": 78122.171875,
    "unfocussedEditTime": 81159.0703125,
    "playmodeTime": 37946.62890625,
    "inactiveTime": 27882.931640625
}