{
    "activeEditTime": 35794.96875,
    "unfocussedEditTime": 48019.9453125,
    "playmodeTime": 529.8588256835938,
    "inactiveTime": 15293.5419921875
}