{
    "activeEditTime": 28877.107421875,
    "unfocussedEditTime": 25312.734375,
    "playmodeTime": 396.223388671875,
    "inactiveTime": 14624.607421875
}