{
    "activeEditTime": 58289.7421875,
    "unfocussedEditTime": 72572.7890625,
    "playmodeTime": 32878.33203125,
    "inactiveTime": 18309.765625
}